{"rollout/ep_len_mean": 358.34, "_timestamp": 1697890310.4834971, "rollout/ep_rew_mean": -2.8, "time/fps": 14, "time/iterations": 149, "time/time_elapsed": 5199, "time/total_timesteps": 76288, "_runtime": 5432.587012052536, "_step": 76288, "train/approx_kl": 0.09570476412773132, "train/clip_fraction": 0.3650390625, "train/clip_range": 0.2, "train/entropy_loss": -0.7163074150681495, "train/explained_variance": -0.16037333011627197, "train/learning_rate": 0.0003, "train/loss": -0.09474111348390579, "train/n_updates": 1480, "train/policy_gradient_loss": -0.04945717251393944, "train/value_loss": 0.003235651930299355, "_wandb": {"runtime": 5221}}